<?xml version="1.0" encoding="UTF-8"?>
<GenRun Id="synth_1" LaunchPart="xc7a100tcsg324-1" LaunchTime="1579709439">
  <File Type="PA-TCL" Name="Top.tcl"/>
  <File Type="REPORTS-TCL" Name="Top_reports.tcl"/>
  <File Type="RDS-RDS" Name="Top.vds"/>
  <File Type="RDS-UTIL" Name="Top_utilization_synth.rpt"/>
  <File Type="RDS-UTIL-PB" Name="Top_utilization_synth.pb"/>
  <File Type="RDS-DCP" Name="Top.dcp"/>
  <FileSet Name="sources" Type="DesignSrcs" RelSrcDir="$PSRCDIR/sources_1">
    <Filter Type="Srcs"/>
    <File Path="$PSRCDIR/sources_1/new/Debouncer.vhd">
      <FileInfo>
        <Attr Name="ImportPath" Val="C:/Users/Sergio Vera Muñoz/Downloads/Jukebox-a4b3587eadb628fda805122e8c1d3b23433ff4bd/Jukebox-a4b3587eadb628fda805122e8c1d3b23433ff4bd/TRABAJO_TOP/TRABAJO_TOP/TRABAJO_TOP.srcs/sources_1/new/Debouncer.vhd"/>
        <Attr Name="ImportTime" Val="1576846236"/>
        <Attr Name="UsedIn" Val="synthesis"/>
        <Attr Name="UsedIn" Val="simulation"/>
      </FileInfo>
    </File>
    <File Path="$PSRCDIR/sources_1/new/Div_frec.vhd">
      <FileInfo>
        <Attr Name="ImportPath" Val="C:/Users/Sergio Vera Muñoz/Downloads/Jukebox-a4b3587eadb628fda805122e8c1d3b23433ff4bd/Jukebox-a4b3587eadb628fda805122e8c1d3b23433ff4bd/TRABAJO_TOP/TRABAJO_TOP/TRABAJO_TOP.srcs/sources_1/new/Div_frec.vhd"/>
        <Attr Name="ImportTime" Val="1578590716"/>
        <Attr Name="UsedIn" Val="synthesis"/>
        <Attr Name="UsedIn" Val="simulation"/>
      </FileInfo>
    </File>
    <File Path="$PSRCDIR/sources_1/new/Pulso_prolongado.vhd">
      <FileInfo>
        <Attr Name="ImportPath" Val="C:/Users/Sergio Vera Muñoz/Downloads/Jukebox-a4b3587eadb628fda805122e8c1d3b23433ff4bd/Jukebox-a4b3587eadb628fda805122e8c1d3b23433ff4bd/TRABAJO_TOP/TRABAJO_TOP/TRABAJO_TOP.srcs/sources_1/new/Pulso_prolongado.vhd"/>
        <Attr Name="ImportTime" Val="1576846416"/>
        <Attr Name="UsedIn" Val="synthesis"/>
        <Attr Name="UsedIn" Val="simulation"/>
      </FileInfo>
    </File>
    <File Path="$PSRCDIR/sources_1/new/Sincronizador.vhd">
      <FileInfo>
        <Attr Name="ImportPath" Val="C:/Users/Sergio Vera Muñoz/Downloads/Jukebox-a4b3587eadb628fda805122e8c1d3b23433ff4bd/Jukebox-a4b3587eadb628fda805122e8c1d3b23433ff4bd/TRABAJO_TOP/TRABAJO_TOP/TRABAJO_TOP.srcs/sources_1/new/Sincronizador.vhd"/>
        <Attr Name="ImportTime" Val="1576483552"/>
        <Attr Name="UsedIn" Val="synthesis"/>
        <Attr Name="UsedIn" Val="simulation"/>
      </FileInfo>
    </File>
    <File Path="$PSRCDIR/sources_1/new/EntradasLimpias.vhd">
      <FileInfo>
        <Attr Name="ImportPath" Val="C:/Users/Sergio Vera Muñoz/Downloads/Jukebox-a4b3587eadb628fda805122e8c1d3b23433ff4bd/Jukebox-a4b3587eadb628fda805122e8c1d3b23433ff4bd/TRABAJO_TOP/TRABAJO_TOP/TRABAJO_TOP.srcs/sources_1/new/EntradasLimpias.vhd"/>
        <Attr Name="ImportTime" Val="1576846488"/>
        <Attr Name="UsedIn" Val="synthesis"/>
        <Attr Name="UsedIn" Val="simulation"/>
      </FileInfo>
    </File>
    <File Path="$PSRCDIR/sources_1/new/Decoder.vhd">
      <FileInfo>
        <Attr Name="ImportPath" Val="C:/Users/Sergio Vera Muñoz/Downloads/Jukebox-a4b3587eadb628fda805122e8c1d3b23433ff4bd/Jukebox-a4b3587eadb628fda805122e8c1d3b23433ff4bd/TRABAJO_TOP/TRABAJO_TOP/TRABAJO_TOP.srcs/sources_1/new/Decoder.vhd"/>
        <Attr Name="ImportTime" Val="1576519646"/>
        <Attr Name="UsedIn" Val="synthesis"/>
        <Attr Name="UsedIn" Val="simulation"/>
      </FileInfo>
    </File>
    <File Path="$PSRCDIR/sources_1/new/MaquinaEstados.vhd">
      <FileInfo>
        <Attr Name="ImportPath" Val="C:/Users/Sergio Vera Muñoz/Downloads/Jukebox-a4b3587eadb628fda805122e8c1d3b23433ff4bd/Jukebox-a4b3587eadb628fda805122e8c1d3b23433ff4bd/TRABAJO_TOP/TRABAJO_TOP/TRABAJO_TOP.srcs/sources_1/new/MaquinaEstados.vhd"/>
        <Attr Name="ImportTime" Val="1579757596"/>
        <Attr Name="UsedIn" Val="synthesis"/>
        <Attr Name="UsedIn" Val="simulation"/>
      </FileInfo>
    </File>
    <File Path="$PSRCDIR/sources_1/new/Top.vhd">
      <FileInfo>
        <Attr Name="ImportPath" Val="C:/Users/Sergio Vera Muñoz/Downloads/Jukebox-a4b3587eadb628fda805122e8c1d3b23433ff4bd/Jukebox-a4b3587eadb628fda805122e8c1d3b23433ff4bd/TRABAJO_TOP/TRABAJO_TOP/TRABAJO_TOP.srcs/sources_1/new/Top.vhd"/>
        <Attr Name="ImportTime" Val="1580045270"/>
        <Attr Name="UsedIn" Val="synthesis"/>
        <Attr Name="UsedIn" Val="simulation"/>
      </FileInfo>
    </File>
    <File Path="$PSRCDIR/sources_1/new/Mod_periodo.vhd">
      <FileInfo>
        <Attr Name="ImportPath" Val="C:/Users/Sergio Vera Muñoz/Downloads/Jukebox-a4b3587eadb628fda805122e8c1d3b23433ff4bd/Jukebox-a4b3587eadb628fda805122e8c1d3b23433ff4bd/TRABAJO_TOP/TRABAJO_TOP/TRABAJO_TOP.srcs/sources_1/new/Mod_periodo.vhd"/>
        <Attr Name="ImportTime" Val="1579615906"/>
        <Attr Name="UsedIn" Val="synthesis"/>
        <Attr Name="UsedIn" Val="simulation"/>
      </FileInfo>
    </File>
    <File Path="$PSRCDIR/sources_1/new/controlador_display.vhd">
      <FileInfo>
        <Attr Name="ImportPath" Val="C:/Users/Sergio Vera Muñoz/Downloads/Jukebox-a4b3587eadb628fda805122e8c1d3b23433ff4bd/Jukebox-a4b3587eadb628fda805122e8c1d3b23433ff4bd/TRABAJO_TOP/TRABAJO_TOP/TRABAJO_TOP.srcs/sources_1/new/controlador_display.vhd"/>
        <Attr Name="ImportTime" Val="1578595572"/>
        <Attr Name="UsedIn" Val="synthesis"/>
        <Attr Name="UsedIn" Val="simulation"/>
      </FileInfo>
    </File>
    <File Path="$PSRCDIR/sources_1/new/cancionero.vhd">
      <FileInfo>
        <Attr Name="ImportPath" Val="C:/Users/Sergio Vera Muñoz/Downloads/Jukebox-a4b3587eadb628fda805122e8c1d3b23433ff4bd/Jukebox-a4b3587eadb628fda805122e8c1d3b23433ff4bd/TRABAJO_TOP/TRABAJO_TOP/TRABAJO_TOP.srcs/sources_1/new/cancionero.vhd"/>
        <Attr Name="ImportTime" Val="1579757596"/>
        <Attr Name="UsedIn" Val="synthesis"/>
        <Attr Name="UsedIn" Val="simulation"/>
      </FileInfo>
    </File>
    <File Path="$PSRCDIR/sources_1/new/reproductor.vhd">
      <FileInfo>
        <Attr Name="ImportPath" Val="C:/Users/Sergio Vera Muñoz/Downloads/Jukebox-a4b3587eadb628fda805122e8c1d3b23433ff4bd/Jukebox-a4b3587eadb628fda805122e8c1d3b23433ff4bd/TRABAJO_TOP/TRABAJO_TOP/TRABAJO_TOP.srcs/sources_1/new/reproductor.vhd"/>
        <Attr Name="ImportTime" Val="1579704314"/>
        <Attr Name="UsedIn" Val="synthesis"/>
        <Attr Name="UsedIn" Val="simulation"/>
      </FileInfo>
    </File>
    <Config>
      <Option Name="DesignMode" Val="RTL"/>
      <Option Name="TopModule" Val="Top"/>
    </Config>
  </FileSet>
  <FileSet Name="constrs_in" Type="Constrs" RelSrcDir="$PSRCDIR/constrs_1">
    <Filter Type="Constrs"/>
    <File Path="$PSRCDIR/constrs_1/imports/Material de referencia/Nexys4DDR_Master.xdc">
      <FileInfo>
        <Attr Name="ImportPath" Val="C:/Users/Sergio Vera Muñoz/Downloads/Jukebox-a4b3587eadb628fda805122e8c1d3b23433ff4bd/Jukebox-a4b3587eadb628fda805122e8c1d3b23433ff4bd/TRABAJO_TOP/TRABAJO_TOP/TRABAJO_TOP.srcs/constrs_1/imports/Material de referencia/Nexys4DDR_Master.xdc"/>
        <Attr Name="ImportTime" Val="1579704846"/>
        <Attr Name="UsedIn" Val="synthesis"/>
        <Attr Name="UsedIn" Val="implementation"/>
      </FileInfo>
    </File>
    <Config>
      <Option Name="ConstrsType" Val="XDC"/>
    </Config>
  </FileSet>
  <FileSet Name="utils" Type="Utils" RelSrcDir="$PSRCDIR/utils_1">
    <Filter Type="Utils"/>
    <Config>
      <Option Name="TopAutoSet" Val="TRUE"/>
    </Config>
  </FileSet>
  <Strategy Version="1" Minor="2">
    <StratHandle Name="Vivado Synthesis Defaults" Flow="Vivado Synthesis 2019"/>
    <Step Id="synth_design"/>
  </Strategy>
</GenRun>
